url,name,address,city,state,phone
https://nkcpas.com/our-staff.html,Results,"îƒˆ201 S Main St #2, Cheboygan, MI 49721",Cheboygan,MI,î‚°(231) 627-4396
https://www.northernmichiganaccountingservices.com/,Results,"îƒˆ1045 Paully Rd, Cheboygan, MI 49721",Cheboygan,MI,î‚°(231) 883-1908
https://www.rehmann.com/locations/cheboygan-mi/?utm_source=gmb&utm_medium=yext,Results,"îƒˆ218 N Main St #102, Cheboygan, MI 49721",Cheboygan,MI,î‚°(231) 627-3143
https://www.hrblock.com/tax-office-near-me/michigan/cheboygan/21265/?otppartnerid=9308&campaignid=pw_mcm_9308_9762&utm_medium=local,Results,"îƒˆ303 S Main St, Cheboygan, MI 49721",Cheboygan,MI,î‚°(231) 627-5150
https://www.nortontaxllc.com/,Results,"îƒˆ3880 Edgewater Dr, Cheboygan, MI 49721",Cheboygan,MI,î‚°(248) 895-4538
https://www.legendbookkeeping.com/?utm_source=google&utm_medium=wix_google_business_profile&utm_campaign=3564840262452568109,Results,"îƒˆ11875 Hill Rd, Cheboygan, MI 49721",Cheboygan,MI,î‚°(231) 818-6446
http://www.encorefinancialgroup.net/,Results,"îƒˆ10595 N Straits Hwy, Cheboygan, MI 49721",Cheboygan,MI,î‚°(231) 627-1023
http://www.jlklawfirm.com/,Results,"îƒˆ11512 N Straits Hwy #200, Cheboygan, MI 49721",Cheboygan,MI,î‚°(231) 627-7151
https://www.hansellaw.net/,Results,"îƒˆ520 N Main St #304, Cheboygan, MI 49721",Cheboygan,MI,î‚°(231) 597-0146
https://www.ameripriseadvisors.com/team/osborneklein/contact?cid=IP_local_google,Results,"îƒˆ520 N Main St Ste 301, Cheboygan, MI 49721",Cheboygan,MI,î‚°(231) 559-0290
https://www.edwardjones.com/us-en/financial-advisor/matt-behan?y_source=1_OTY2MTI1LTcxNS1sb2NhdGlvbi53ZWJzaXRl,Results,"îƒˆ218 N Main St Suite 103, Cheboygan, MI 49721",Cheboygan,MI,î‚°(231) 627-3441
https://northernmichiganattorneys.com/,Results,"îƒˆ220 S Main St, Cheboygan, MI 49721",Cheboygan,MI,î‚°(231) 627-9901
https://www.edwardjones.com/us-en/financial-advisor/jl-sumpter?y_source=1_MTAxNDA1NzMtNzE1LWxvY2F0aW9uLndlYnNpdGU%3D,Results,"îƒˆ201 S Main St Suite 1, Cheboygan, MI 49721",Cheboygan,MI,î‚°(231) 627-8607
